Date de début;Date de fin;Organisme;code zas;Zas;code site;nom site;type d'implantation;Polluant;type d'influence;Réglementaire;type d'évaluation;type de valeur;valeur;valeur brute;unité de mesure;taux de saisie;couverture temporelle;couverture de données;code qualité;validité;Latitude;Longitude
2022/01/01 00:00:00;2022/01/01 23:59:59;AIRPARIF;FR11ZAG01;ZAG PARIS;FR04058;Auto A1 -Saint-Denis;Urbaine;CO;Trafic;Oui;mesures fixes;Moy. journalière;0.0;0.4930833333;mg-m3;100.0;100;100.0;R;1;48.925278;2.356667
2022/01/02 00:00:00;2022/01/02 23:59:59;AIRPARIF;FR11ZAG01;ZAG PARIS;FR04058;Auto A1 -Saint-Denis;Urbaine;CO;Trafic;Oui;mesures fixes;Moy. journalière;0.0;0.2830416667;mg-m3;100.0;100;100.0;R;1;48.925278;2.356667
2022/01/03 00:00:00;2022/01/03 23:59:59;AIRPARIF;FR11ZAG01;ZAG PARIS;FR04058;Auto A1 -Saint-Denis;Urbaine;CO;Trafic;Oui;mesures fixes;Moy. journalière;0.0;0.3061666667;mg-m3;100.0;100;100.0;R;1;48.925278;2.356667
2022/01/04 00:00:00;2022/01/04 23:59:59;AIRPARIF;FR11ZAG01;ZAG PARIS;FR04058;Auto A1 -Saint-Denis;Urbaine;CO;Trafic;Oui;mesures fixes;Moy. journalière;0.0;0.4215416667;mg-m3;100.0;100;100.0;R;1;48.925278;2.356667
2022/01/05 00:00:00;2022/01/05 23:59:59;AIRPARIF;FR11ZAG01;ZAG PARIS;FR04058;Auto A1 -Saint-Denis;Urbaine;CO;Trafic;Oui;mesures fixes;Moy. journalière;0.0;0.4700833333;mg-m3;100.0;100;100.0;R;1;48.925278;2.356667
2022/01/06 00:00:00;2022/01/06 23:59:59;AIRPARIF;FR11ZAG01;ZAG PARIS;FR04058;Auto A1 -Saint-Denis;Urbaine;CO;Trafic;Oui;mesures fixes;Moy. journalière;1.0;0.6042083333;mg-m3;100.0;100;100.0;R;1;48.925278;2.356667
2022/01/07 00:00:00;2022/01/07 23:59:59;AIRPARIF;FR11ZAG01;ZAG PARIS;FR04058;Auto A1 -Saint-Denis;Urbaine;CO;Trafic;Oui;mesures fixes;Moy. journalière;0.0;0.3414166667;mg-m3;100.0;100;100.0;R;1;48.925278;2.356667
2022/01/08 00:00:00;2022/01/08 23:59:59;AIRPARIF;FR11ZAG01;ZAG PARIS;FR04058;Auto A1 -Saint-Denis;Urbaine;CO;Trafic;Oui;mesures fixes;Moy. journalière;0.0;0.3795833333;mg-m3;100.0;100;100.0;R;1;48.925278;2.356667
2022/01/09 00:00:00;2022/01/09 23:59:59;AIRPARIF;FR11ZAG01;ZAG PARIS;FR04058;Auto A1 -Saint-Denis;Urbaine;CO;Trafic;Oui;mesures fixes;Moy. journalière;0.0;0.481875;mg-m3;100.0;100;100.0;R;1;48.925278;2.356667
2022/01/10 00:00:00;2022/01/10 23:59:59;AIRPARIF;FR11ZAG01;ZAG PARIS;FR04058;Auto A1 -Saint-Denis;Urbaine;CO;Trafic;Oui;mesures fixes;Moy. journalière;0.0;0.4925;mg-m3;100.0;100;100.0;R;1;48.925278;2.356667
2022/01/11 00:00:00;2022/01/11 23:59:59;AIRPARIF;FR11ZAG01;ZAG PARIS;FR04058;Auto A1 -Saint-Denis;Urbaine;CO;Trafic;Oui;mesures fixes;Moy. journalière;0.0;0.45825;mg-m3;100.0;100;100.0;R;1;48.925278;2.356667
2022/01/12 00:00:00;2022/01/12 23:59:59;AIRPARIF;FR11ZAG01;ZAG PARIS;FR04058;Auto A1 -Saint-Denis;Urbaine;CO;Trafic;Oui;mesures fixes;Moy. journalière;1.0;0.6008333333;mg-m3;100.0;100;100.0;R;1;48.925278;2.356667
2022/01/13 00:00:00;2022/01/13 23:59:59;AIRPARIF;FR11ZAG01;ZAG PARIS;FR04058;Auto A1 -Saint-Denis;Urbaine;CO;Trafic;Oui;mesures fixes;Moy. journalière;1.0;0.550125;mg-m3;100.0;100;100.0;R;1;48.925278;2.356667
2022/01/14 00:00:00;2022/01/14 23:59:59;AIRPARIF;FR11ZAG01;ZAG PARIS;FR04058;Auto A1 -Saint-Denis;Urbaine;CO;Trafic;Oui;mesures fixes;Moy. journalière;1.0;0.8937083333;mg-m3;100.0;100;100.0;R;1;48.925278;2.356667
2022/01/15 00:00:00;2022/01/15 23:59:59;AIRPARIF;FR11ZAG01;ZAG PARIS;FR04058;Auto A1 -Saint-Denis;Urbaine;CO;Trafic;Oui;mesures fixes;Moy. journalière;1.0;1.1265;mg-m3;100.0;100;100.0;R;1;48.925278;2.356667
2022/01/16 00:00:00;2022/01/16 23:59:59;AIRPARIF;FR11ZAG01;ZAG PARIS;FR04058;Auto A1 -Saint-Denis;Urbaine;CO;Trafic;Oui;mesures fixes;Moy. journalière;1.0;0.568;mg-m3;100.0;100;100.0;R;1;48.925278;2.356667
2022/01/17 00:00:00;2022/01/17 23:59:59;AIRPARIF;FR11ZAG01;ZAG PARIS;FR04058;Auto A1 -Saint-Denis;Urbaine;CO;Trafic;Oui;mesures fixes;Moy. journalière;1.0;0.6150769231;mg-m3;54.0;100;54.0;N;-1;48.925278;2.356667
2022/01/18 00:00:00;2022/01/18 23:59:59;AIRPARIF;FR11ZAG01;ZAG PARIS;FR04058;Auto A1 -Saint-Denis;Urbaine;CO;Trafic;Oui;mesures fixes;Moy. journalière;0.0;0.0;mg-m3;0.0;100;0.0;N;-1;48.925278;2.356667
2022/04/06 00:00:00;2022/04/06 23:59:59;AIRPARIF;FR11ZAG01;ZAG PARIS;FR04055;PARIS 1er Les Halles;Urbaine;CO;Fond;Oui;estimation objective;Moy. journalière;0.0;0.1954;mg-m3;42.0;100;42.0;N;-1;48.86212;2.344616
2022/04/07 00:00:00;2022/04/07 23:59:59;AIRPARIF;FR11ZAG01;ZAG PARIS;FR04055;PARIS 1er Les Halles;Urbaine;CO;Fond;Oui;estimation objective;Moy. journalière;0.0;0.1806666667;mg-m3;100.0;100;100.0;A;1;48.86212;2.344616
2022/04/08 00:00:00;2022/04/08 23:59:59;AIRPARIF;FR11ZAG01;ZAG PARIS;FR04055;PARIS 1er Les Halles;Urbaine;CO;Fond;Oui;estimation objective;Moy. journalière;0.0;0.2264166667;mg-m3;100.0;100;100.0;A;1;48.86212;2.344616
2022/04/09 00:00:00;2022/04/09 23:59:59;AIRPARIF;FR11ZAG01;ZAG PARIS;FR04055;PARIS 1er Les Halles;Urbaine;CO;Fond;Oui;estimation objective;Moy. journalière;0.0;0.23975;mg-m3;100.0;100;100.0;A;1;48.86212;2.344616
2022/04/10 00:00:00;2022/04/10 23:59:59;AIRPARIF;FR11ZAG01;ZAG PARIS;FR04055;PARIS 1er Les Halles;Urbaine;CO;Fond;Oui;estimation objective;Moy. journalière;0.0;0.313;mg-m3;100.0;100;100.0;A;1;48.86212;2.344616
2022/04/11 00:00:00;2022/04/11 23:59:59;AIRPARIF;FR11ZAG01;ZAG PARIS;FR04055;PARIS 1er Les Halles;Urbaine;CO;Fond;Oui;estimation objective;Moy. journalière;0.0;0.21975;mg-m3;100.0;100;100.0;A;1;48.86212;2.344616
2022/04/12 00:00:00;2022/04/12 23:59:59;AIRPARIF;FR11ZAG01;ZAG PARIS;FR04055;PARIS 1er Les Halles;Urbaine;CO;Fond;Oui;estimation objective;Moy. journalière;0.0;0.2079583333;mg-m3;100.0;100;100.0;A;1;48.86212;2.344616
2022/04/13 00:00:00;2022/04/13 23:59:59;AIRPARIF;FR11ZAG01;ZAG PARIS;FR04055;PARIS 1er Les Halles;Urbaine;CO;Fond;Oui;estimation objective;Moy. journalière;0.0;0.25975;mg-m3;100.0;100;100.0;A;1;48.86212;2.344616
2022/04/14 00:00:00;2022/04/14 23:59:59;AIRPARIF;FR11ZAG01;ZAG PARIS;FR04055;PARIS 1er Les Halles;Urbaine;CO;Fond;Oui;estimation objective;Moy. journalière;0.0;0.3201666667;mg-m3;100.0;100;100.0;A;1;48.86212;2.344616
2022/04/15 00:00:00;2022/04/15 23:59:59;AIRPARIF;FR11ZAG01;ZAG PARIS;FR04055;PARIS 1er Les Halles;Urbaine;CO;Fond;Oui;estimation objective;Moy. journalière;0.0;0.2404583333;mg-m3;100.0;100;100.0;A;1;48.86212;2.344616
2022/04/16 00:00:00;2022/04/16 23:59:59;AIRPARIF;FR11ZAG01;ZAG PARIS;FR04055;PARIS 1er Les Halles;Urbaine;CO;Fond;Oui;estimation objective;Moy. journalière;0.0;0.212;mg-m3;100.0;100;100.0;A;1;48.86212;2.344616
2022/04/17 00:00:00;2022/04/17 23:59:59;AIRPARIF;FR11ZAG01;ZAG PARIS;FR04055;PARIS 1er Les Halles;Urbaine;CO;Fond;Oui;estimation objective;Moy. journalière;0.0;0.19375;mg-m3;100.0;100;100.0;A;1;48.86212;2.344616
2022/04/18 00:00:00;2022/04/18 23:59:59;AIRPARIF;FR11ZAG01;ZAG PARIS;FR04055;PARIS 1er Les Halles;Urbaine;CO;Fond;Oui;estimation objective;Moy. journalière;0.0;0.1975416667;mg-m3;100.0;100;100.0;A;1;48.86212;2.344616
2022/04/19 00:00:00;2022/04/19 23:59:59;AIRPARIF;FR11ZAG01;ZAG PARIS;FR04055;PARIS 1er Les Halles;Urbaine;CO;Fond;Oui;estimation objective;Moy. journalière;0.0;0.1984166667;mg-m3;100.0;100;100.0;A;1;48.86212;2.344616
2022/04/20 00:00:00;2022/04/20 23:59:59;AIRPARIF;FR11ZAG01;ZAG PARIS;FR04055;PARIS 1er Les Halles;Urbaine;CO;Fond;Oui;estimation objective;Moy. journalière;0.0;0.233875;mg-m3;100.0;100;100.0;A;1;48.86212;2.344616
2022/04/21 00:00:00;2022/04/21 23:59:59;AIRPARIF;FR11ZAG01;ZAG PARIS;FR04055;PARIS 1er Les Halles;Urbaine;CO;Fond;Oui;estimation objective;Moy. journalière;0.0;0.22825;mg-m3;100.0;100;100.0;A;1;48.86212;2.344616
2022/04/22 00:00:00;2022/04/22 23:59:59;AIRPARIF;FR11ZAG01;ZAG PARIS;FR04055;PARIS 1er Les Halles;Urbaine;CO;Fond;Oui;estimation objective;Moy. journalière;0.0;0.2256666667;mg-m3;100.0;100;100.0;A;1;48.86212;2.344616
2022/04/23 00:00:00;2022/04/23 23:59:59;AIRPARIF;FR11ZAG01;ZAG PARIS;FR04055;PARIS 1er Les Halles;Urbaine;CO;Fond;Oui;estimation objective;Moy. journalière;0.0;0.2335;mg-m3;100.0;100;100.0;A;1;48.86212;2.344616
2022/04/24 00:00:00;2022/04/24 23:59:59;AIRPARIF;FR11ZAG01;ZAG PARIS;FR04055;PARIS 1er Les Halles;Urbaine;CO;Fond;Oui;estimation objective;Moy. journalière;0.0;0.2402916667;mg-m3;100.0;100;100.0;A;1;48.86212;2.344616
2022/04/25 00:00:00;2022/04/25 23:59:59;AIRPARIF;FR11ZAG01;ZAG PARIS;FR04055;PARIS 1er Les Halles;Urbaine;CO;Fond;Oui;estimation objective;Moy. journalière;0.0;0.2114583333;mg-m3;100.0;100;100.0;A;1;48.86212;2.344616
2022/04/26 00:00:00;2022/04/26 23:59:59;AIRPARIF;FR11ZAG01;ZAG PARIS;FR04055;PARIS 1er Les Halles;Urbaine;CO;Fond;Oui;estimation objective;Moy. journalière;0.0;0.2158333333;mg-m3;100.0;100;100.0;A;1;48.86212;2.344616
2022/04/27 00:00:00;2022/04/27 23:59:59;AIRPARIF;FR11ZAG01;ZAG PARIS;FR04055;PARIS 1er Les Halles;Urbaine;CO;Fond;Oui;estimation objective;Moy. journalière;0.0;0.190125;mg-m3;33.0;100;33.0;N;-1;48.86212;2.344616
2022/04/28 00:00:00;2022/04/28 23:59:59;AIRPARIF;FR11ZAG01;ZAG PARIS;FR04055;PARIS 1er Les Halles;Urbaine;CO;Fond;Oui;estimation objective;Moy. journalière;0.0;0.0;mg-m3;0.0;100;0.0;N;-1;48.86212;2.344616
2022/04/29 00:00:00;2022/04/29 23:59:59;AIRPARIF;FR11ZAG01;ZAG PARIS;FR04055;PARIS 1er Les Halles;Urbaine;CO;Fond;Oui;estimation objective;Moy. journalière;0.0;0.0;mg-m3;0.0;100;0.0;N;-1;48.86212;2.344616
2022/04/30 00:00:00;2022/04/30 23:59:59;AIRPARIF;FR11ZAG01;ZAG PARIS;FR04055;PARIS 1er Les Halles;Urbaine;CO;Fond;Oui;estimation objective;Moy. journalière;0.0;0.0;mg-m3;0.0;100;0.0;N;-1;48.86212;2.344616
2022/05/01 00:00:00;2022/05/01 23:59:59;AIRPARIF;FR11ZAG01;ZAG PARIS;FR04055;PARIS 1er Les Halles;Urbaine;CO;Fond;Oui;estimation objective;Moy. journalière;0.0;0.0;mg-m3;0.0;100;0.0;N;-1;48.86212;2.344616
2022/05/02 00:00:00;2022/05/02 23:59:59;AIRPARIF;FR11ZAG01;ZAG PARIS;FR04055;PARIS 1er Les Halles;Urbaine;CO;Fond;Oui;estimation objective;Moy. journalière;0.0;0.0;mg-m3;0.0;100;0.0;N;-1;48.86212;2.344616
2022/05/03 00:00:00;2022/05/03 23:59:59;AIRPARIF;FR11ZAG01;ZAG PARIS;FR04055;PARIS 1er Les Halles;Urbaine;CO;Fond;Oui;estimation objective;Moy. journalière;0.0;0.0;mg-m3;0.0;100;0.0;N;-1;48.86212;2.344616
2022/05/04 00:00:00;2022/05/04 23:59:59;AIRPARIF;FR11ZAG01;ZAG PARIS;FR04055;PARIS 1er Les Halles;Urbaine;CO;Fond;Oui;estimation objective;Moy. journalière;0.0;0.0;mg-m3;0.0;100;0.0;N;-1;48.86212;2.344616
2022/05/05 00:00:00;2022/05/05 23:59:59;AIRPARIF;FR11ZAG01;ZAG PARIS;FR04055;PARIS 1er Les Halles;Urbaine;CO;Fond;Oui;estimation objective;Moy. journalière;0.0;0.0;mg-m3;0.0;100;0.0;N;-1;48.86212;2.344616
2022/05/06 00:00:00;2022/05/06 23:59:59;AIRPARIF;FR11ZAG01;ZAG PARIS;FR04055;PARIS 1er Les Halles;Urbaine;CO;Fond;Oui;estimation objective;Moy. journalière;0.0;0.0;mg-m3;0.0;100;0.0;N;-1;48.86212;2.344616
2022/05/07 00:00:00;2022/05/07 23:59:59;AIRPARIF;FR11ZAG01;ZAG PARIS;FR04055;PARIS 1er Les Halles;Urbaine;CO;Fond;Oui;estimation objective;Moy. journalière;0.0;0.0;mg-m3;0.0;100;0.0;N;-1;48.86212;2.344616
2022/05/08 00:00:00;2022/05/08 23:59:59;AIRPARIF;FR11ZAG01;ZAG PARIS;FR04055;PARIS 1er Les Halles;Urbaine;CO;Fond;Oui;estimation objective;Moy. journalière;0.0;0.0;mg-m3;0.0;100;0.0;N;-1;48.86212;2.344616
2022/05/09 00:00:00;2022/05/09 23:59:59;AIRPARIF;FR11ZAG01;ZAG PARIS;FR04055;PARIS 1er Les Halles;Urbaine;CO;Fond;Oui;estimation objective;Moy. journalière;0.0;0.0;mg-m3;0.0;100;0.0;N;-1;48.86212;2.344616
2022/05/10 00:00:00;2022/05/10 23:59:59;AIRPARIF;FR11ZAG01;ZAG PARIS;FR04055;PARIS 1er Les Halles;Urbaine;CO;Fond;Oui;estimation objective;Moy. journalière;0.0;0.0;mg-m3;0.0;100;0.0;N;-1;48.86212;2.344616
2022/05/11 00:00:00;2022/05/11 23:59:59;AIRPARIF;FR11ZAG01;ZAG PARIS;FR04055;PARIS 1er Les Halles;Urbaine;CO;Fond;Oui;estimation objective;Moy. journalière;0.0;0.157;mg-m3;46.0;100;46.0;N;-1;48.86212;2.344616
2022/05/12 00:00:00;2022/05/12 23:59:59;AIRPARIF;FR11ZAG01;ZAG PARIS;FR04055;PARIS 1er Les Halles;Urbaine;CO;Fond;Oui;estimation objective;Moy. journalière;0.0;0.16225;mg-m3;100.0;100;100.0;R;1;48.86212;2.344616
2022/05/13 00:00:00;2022/05/13 23:59:59;AIRPARIF;FR11ZAG01;ZAG PARIS;FR04055;PARIS 1er Les Halles;Urbaine;CO;Fond;Oui;estimation objective;Moy. journalière;0.0;0.1673333333;mg-m3;100.0;100;100.0;A;1;48.86212;2.344616
2022/05/14 00:00:00;2022/05/14 23:59:59;AIRPARIF;FR11ZAG01;ZAG PARIS;FR04055;PARIS 1er Les Halles;Urbaine;CO;Fond;Oui;estimation objective;Moy. journalière;0.0;0.18175;mg-m3;100.0;100;100.0;A;1;48.86212;2.344616
2022/05/15 00:00:00;2022/05/15 23:59:59;AIRPARIF;FR11ZAG01;ZAG PARIS;FR04055;PARIS 1er Les Halles;Urbaine;CO;Fond;Oui;estimation objective;Moy. journalière;0.0;0.1817916667;mg-m3;100.0;100;100.0;A;1;48.86212;2.344616
2022/05/16 00:00:00;2022/05/16 23:59:59;AIRPARIF;FR11ZAG01;ZAG PARIS;FR04055;PARIS 1er Les Halles;Urbaine;CO;Fond;Oui;estimation objective;Moy. journalière;0.0;0.1884166667;mg-m3;100.0;100;100.0;A;1;48.86212;2.344616
2022/05/17 00:00:00;2022/05/17 23:59:59;AIRPARIF;FR11ZAG01;ZAG PARIS;FR04055;PARIS 1er Les Halles;Urbaine;CO;Fond;Oui;estimation objective;Moy. journalière;0.0;0.3779166667;mg-m3;100.0;100;100.0;A;1;48.86212;2.344616
2022/05/18 00:00:00;2022/05/18 23:59:59;AIRPARIF;FR11ZAG01;ZAG PARIS;FR04055;PARIS 1er Les Halles;Urbaine;CO;Fond;Oui;estimation objective;Moy. journalière;0.0;0.17575;mg-m3;100.0;100;100.0;A;1;48.86212;2.344616
2022/05/19 00:00:00;2022/05/19 23:59:59;AIRPARIF;FR11ZAG01;ZAG PARIS;FR04055;PARIS 1er Les Halles;Urbaine;CO;Fond;Oui;estimation objective;Moy. journalière;0.0;0.188875;mg-m3;100.0;100;100.0;A;1;48.86212;2.344616
2022/05/20 00:00:00;2022/05/20 23:59:59;AIRPARIF;FR11ZAG01;ZAG PARIS;FR04055;PARIS 1er Les Halles;Urbaine;CO;Fond;Oui;estimation objective;Moy. journalière;0.0;0.202375;mg-m3;100.0;100;100.0;A;1;48.86212;2.344616
2022/05/21 00:00:00;2022/05/21 23:59:59;AIRPARIF;FR11ZAG01;ZAG PARIS;FR04055;PARIS 1er Les Halles;Urbaine;CO;Fond;Oui;estimation objective;Moy. journalière;0.0;0.1707083333;mg-m3;100.0;100;100.0;A;1;48.86212;2.344616
2022/05/22 00:00:00;2022/05/22 23:59:59;AIRPARIF;FR11ZAG01;ZAG PARIS;FR04055;PARIS 1er Les Halles;Urbaine;CO;Fond;Oui;estimation objective;Moy. journalière;0.0;0.1757083333;mg-m3;100.0;100;100.0;A;1;48.86212;2.344616
2022/05/23 00:00:00;2022/05/23 23:59:59;AIRPARIF;FR11ZAG01;ZAG PARIS;FR04055;PARIS 1er Les Halles;Urbaine;CO;Fond;Oui;estimation objective;Moy. journalière;0.0;0.177625;mg-m3;100.0;100;100.0;A;1;48.86212;2.344616
2022/05/24 00:00:00;2022/05/24 23:59:59;AIRPARIF;FR11ZAG01;ZAG PARIS;FR04055;PARIS 1er Les Halles;Urbaine;CO;Fond;Oui;estimation objective;Moy. journalière;0.0;0.1591666667;mg-m3;100.0;100;100.0;A;1;48.86212;2.344616
2022/05/25 00:00:00;2022/05/25 23:59:59;AIRPARIF;FR11ZAG01;ZAG PARIS;FR04055;PARIS 1er Les Halles;Urbaine;CO;Fond;Oui;estimation objective;Moy. journalière;0.0;0.3069583333;mg-m3;100.0;100;100.0;A;1;48.86212;2.344616
2022/05/26 00:00:00;2022/05/26 23:59:59;AIRPARIF;FR11ZAG01;ZAG PARIS;FR04055;PARIS 1er Les Halles;Urbaine;CO;Fond;Oui;estimation objective;Moy. journalière;0.0;0.141625;mg-m3;100.0;100;100.0;A;1;48.86212;2.344616
2022/05/27 00:00:00;2022/05/27 23:59:59;AIRPARIF;FR11ZAG01;ZAG PARIS;FR04055;PARIS 1er Les Halles;Urbaine;CO;Fond;Oui;estimation objective;Moy. journalière;0.0;0.1434583333;mg-m3;100.0;100;100.0;A;1;48.86212;2.344616
2022/05/28 00:00:00;2022/05/28 23:59:59;AIRPARIF;FR11ZAG01;ZAG PARIS;FR04055;PARIS 1er Les Halles;Urbaine;CO;Fond;Oui;estimation objective;Moy. journalière;0.0;0.1576666667;mg-m3;100.0;100;100.0;A;1;48.86212;2.344616
2022/05/29 00:00:00;2022/05/29 23:59:59;AIRPARIF;FR11ZAG01;ZAG PARIS;FR04055;PARIS 1er Les Halles;Urbaine;CO;Fond;Oui;estimation objective;Moy. journalière;0.0;0.13925;mg-m3;100.0;100;100.0;A;1;48.86212;2.344616
2022/05/30 00:00:00;2022/05/30 23:59:59;AIRPARIF;FR11ZAG01;ZAG PARIS;FR04055;PARIS 1er Les Halles;Urbaine;CO;Fond;Oui;estimation objective;Moy. journalière;0.0;0.1583333333;mg-m3;100.0;100;100.0;A;1;48.86212;2.344616
2022/05/31 00:00:00;2022/05/31 23:59:59;AIRPARIF;FR11ZAG01;ZAG PARIS;FR04055;PARIS 1er Les Halles;Urbaine;CO;Fond;Oui;estimation objective;Moy. journalière;0.0;0.2055;mg-m3;100.0;100;100.0;A;1;48.86212;2.344616
2022/06/01 00:00:00;2022/06/01 23:59:59;AIRPARIF;FR11ZAG01;ZAG PARIS;FR04055;PARIS 1er Les Halles;Urbaine;CO;Fond;Oui;estimation objective;Moy. journalière;0.0;0.1604583333;mg-m3;100.0;100;100.0;A;1;48.86212;2.344616
2022/06/02 00:00:00;2022/06/02 23:59:59;AIRPARIF;FR11ZAG01;ZAG PARIS;FR04055;PARIS 1er Les Halles;Urbaine;CO;Fond;Oui;estimation objective;Moy. journalière;0.0;0.1793333333;mg-m3;100.0;100;100.0;A;1;48.86212;2.344616
2022/06/03 00:00:00;2022/06/03 23:59:59;AIRPARIF;FR11ZAG01;ZAG PARIS;FR04055;PARIS 1er Les Halles;Urbaine;CO;Fond;Oui;estimation objective;Moy. journalière;0.0;0.2419166667;mg-m3;100.0;100;100.0;A;1;48.86212;2.344616
2022/06/04 00:00:00;2022/06/04 23:59:59;AIRPARIF;FR11ZAG01;ZAG PARIS;FR04055;PARIS 1er Les Halles;Urbaine;CO;Fond;Oui;estimation objective;Moy. journalière;0.0;0.2124583333;mg-m3;100.0;100;100.0;A;1;48.86212;2.344616
2022/06/05 00:00:00;2022/06/05 23:59:59;AIRPARIF;FR11ZAG01;ZAG PARIS;FR04055;PARIS 1er Les Halles;Urbaine;CO;Fond;Oui;estimation objective;Moy. journalière;0.0;0.184875;mg-m3;100.0;100;100.0;A;1;48.86212;2.344616
2022/06/06 00:00:00;2022/06/06 23:59:59;AIRPARIF;FR11ZAG01;ZAG PARIS;FR04055;PARIS 1er Les Halles;Urbaine;CO;Fond;Oui;estimation objective;Moy. journalière;0.0;0.132625;mg-m3;100.0;100;100.0;A;1;48.86212;2.344616
2022/06/07 00:00:00;2022/06/07 23:59:59;AIRPARIF;FR11ZAG01;ZAG PARIS;FR04055;PARIS 1er Les Halles;Urbaine;CO;Fond;Oui;estimation objective;Moy. journalière;0.0;0.1429166667;mg-m3;100.0;100;100.0;A;1;48.86212;2.344616
2022/06/08 00:00:00;2022/06/08 23:59:59;AIRPARIF;FR11ZAG01;ZAG PARIS;FR04055;PARIS 1er Les Halles;Urbaine;CO;Fond;Oui;estimation objective;Moy. journalière;0.0;0.1556666667;mg-m3;100.0;100;100.0;A;1;48.86212;2.344616
2022/06/09 00:00:00;2022/06/09 23:59:59;AIRPARIF;FR11ZAG01;ZAG PARIS;FR04055;PARIS 1er Les Halles;Urbaine;CO;Fond;Oui;estimation objective;Moy. journalière;0.0;0.1417083333;mg-m3;100.0;100;100.0;A;1;48.86212;2.344616
2022/06/10 00:00:00;2022/06/10 23:59:59;AIRPARIF;FR11ZAG01;ZAG PARIS;FR04055;PARIS 1er Les Halles;Urbaine;CO;Fond;Oui;estimation objective;Moy. journalière;0.0;0.1594166667;mg-m3;100.0;100;100.0;A;1;48.86212;2.344616
2022/06/11 00:00:00;2022/06/11 23:59:59;AIRPARIF;FR11ZAG01;ZAG PARIS;FR04055;PARIS 1er Les Halles;Urbaine;CO;Fond;Oui;estimation objective;Moy. journalière;0.0;0.143375;mg-m3;100.0;100;100.0;A;1;48.86212;2.344616
2022/06/12 00:00:00;2022/06/12 23:59:59;AIRPARIF;FR11ZAG01;ZAG PARIS;FR04055;PARIS 1er Les Halles;Urbaine;CO;Fond;Oui;estimation objective;Moy. journalière;0.0;0.12475;mg-m3;100.0;100;100.0;A;1;48.86212;2.344616
2022/06/13 00:00:00;2022/06/13 23:59:59;AIRPARIF;FR11ZAG01;ZAG PARIS;FR04055;PARIS 1er Les Halles;Urbaine;CO;Fond;Oui;estimation objective;Moy. journalière;0.0;0.1372083333;mg-m3;100.0;100;100.0;A;1;48.86212;2.344616
2022/06/14 00:00:00;2022/06/14 23:59:59;AIRPARIF;FR11ZAG01;ZAG PARIS;FR04055;PARIS 1er Les Halles;Urbaine;CO;Fond;Oui;estimation objective;Moy. journalière;0.0;0.1660416667;mg-m3;100.0;100;100.0;R;1;48.86212;2.344616
2022/06/15 00:00:00;2022/06/15 23:59:59;AIRPARIF;FR11ZAG01;ZAG PARIS;FR04055;PARIS 1er Les Halles;Urbaine;CO;Fond;Oui;estimation objective;Moy. journalière;0.0;0.1984166667;mg-m3;100.0;100;100.0;A;1;48.86212;2.344616
2022/06/16 00:00:00;2022/06/16 23:59:59;AIRPARIF;FR11ZAG01;ZAG PARIS;FR04055;PARIS 1er Les Halles;Urbaine;CO;Fond;Oui;estimation objective;Moy. journalière;0.0;0.2024166667;mg-m3;100.0;100;100.0;A;1;48.86212;2.344616
2022/06/17 00:00:00;2022/06/17 23:59:59;AIRPARIF;FR11ZAG01;ZAG PARIS;FR04055;PARIS 1er Les Halles;Urbaine;CO;Fond;Oui;estimation objective;Moy. journalière;0.0;0.221125;mg-m3;100.0;100;100.0;A;1;48.86212;2.344616
2022/06/18 00:00:00;2022/06/18 23:59:59;AIRPARIF;FR11ZAG01;ZAG PARIS;FR04055;PARIS 1er Les Halles;Urbaine;CO;Fond;Oui;estimation objective;Moy. journalière;0.0;0.242;mg-m3;100.0;100;100.0;A;1;48.86212;2.344616
2022/06/19 00:00:00;2022/06/19 23:59:59;AIRPARIF;FR11ZAG01;ZAG PARIS;FR04055;PARIS 1er Les Halles;Urbaine;CO;Fond;Oui;estimation objective;Moy. journalière;0.0;0.1512916667;mg-m3;100.0;100;100.0;A;1;48.86212;2.344616
2022/06/20 00:00:00;2022/06/20 23:59:59;AIRPARIF;FR11ZAG01;ZAG PARIS;FR04055;PARIS 1er Les Halles;Urbaine;CO;Fond;Oui;estimation objective;Moy. journalière;0.0;0.1509583333;mg-m3;100.0;100;100.0;A;1;48.86212;2.344616
2022/06/21 00:00:00;2022/06/21 23:59:59;AIRPARIF;FR11ZAG01;ZAG PARIS;FR04055;PARIS 1er Les Halles;Urbaine;CO;Fond;Oui;estimation objective;Moy. journalière;0.0;0.1851666667;mg-m3;100.0;100;100.0;A;1;48.86212;2.344616
2022/06/22 00:00:00;2022/06/22 23:59:59;AIRPARIF;FR11ZAG01;ZAG PARIS;FR04055;PARIS 1er Les Halles;Urbaine;CO;Fond;Oui;estimation objective;Moy. journalière;0.0;0.2053333333;mg-m3;100.0;100;100.0;A;1;48.86212;2.344616
2022/06/23 00:00:00;2022/06/23 23:59:59;AIRPARIF;FR11ZAG01;ZAG PARIS;FR04055;PARIS 1er Les Halles;Urbaine;CO;Fond;Oui;estimation objective;Moy. journalière;0.0;0.169375;mg-m3;100.0;100;100.0;A;1;48.86212;2.344616
2022/06/24 00:00:00;2022/06/24 23:59:59;AIRPARIF;FR11ZAG01;ZAG PARIS;FR04055;PARIS 1er Les Halles;Urbaine;CO;Fond;Oui;estimation objective;Moy. journalière;0.0;0.146875;mg-m3;100.0;100;100.0;A;1;48.86212;2.344616
2022/06/25 00:00:00;2022/06/25 23:59:59;AIRPARIF;FR11ZAG01;ZAG PARIS;FR04055;PARIS 1er Les Halles;Urbaine;CO;Fond;Oui;estimation objective;Moy. journalière;0.0;0.13625;mg-m3;100.0;100;100.0;A;1;48.86212;2.344616
2022/06/26 00:00:00;2022/06/26 23:59:59;AIRPARIF;FR11ZAG01;ZAG PARIS;FR04055;PARIS 1er Les Halles;Urbaine;CO;Fond;Oui;estimation objective;Moy. journalière;0.0;0.1319583333;mg-m3;100.0;100;100.0;A;1;48.86212;2.344616
2022/06/27 00:00:00;2022/06/27 23:59:59;AIRPARIF;FR11ZAG01;ZAG PARIS;FR04055;PARIS 1er Les Halles;Urbaine;CO;Fond;Oui;estimation objective;Moy. journalière;0.0;0.1366666667;mg-m3;100.0;100;100.0;A;1;48.86212;2.344616
2022/06/28 00:00:00;2022/06/28 23:59:59;AIRPARIF;FR11ZAG01;ZAG PARIS;FR04055;PARIS 1er Les Halles;Urbaine;CO;Fond;Oui;estimation objective;Moy. journalière;0.0;0.1384166667;mg-m3;50.0;100;50.0;N;-1;48.86212;2.344616
2022/06/29 00:00:00;2022/06/29 23:59:59;AIRPARIF;FR11ZAG01;ZAG PARIS;FR04055;PARIS 1er Les Halles;Urbaine;CO;Fond;Oui;estimation objective;Moy. journalière;0.0;0.1349090909;mg-m3;46.0;100;46.0;N;-1;48.86212;2.344616
2022/06/30 00:00:00;2022/06/30 23:59:59;AIRPARIF;FR11ZAG01;ZAG PARIS;FR04055;PARIS 1er Les Halles;Urbaine;CO;Fond;Oui;estimation objective;Moy. journalière;0.0;0.145625;mg-m3;100.0;100;100.0;A;1;48.86212;2.344616
2022/07/01 00:00:00;2022/07/01 23:59:59;AIRPARIF;FR11ZAG01;ZAG PARIS;FR04055;PARIS 1er Les Halles;Urbaine;CO;Fond;Oui;estimation objective;Moy. journalière;0.0;0.146875;mg-m3;100.0;100;100.0;A;1;48.86212;2.344616
2022/07/02 00:00:00;2022/07/02 23:59:59;AIRPARIF;FR11ZAG01;ZAG PARIS;FR04055;PARIS 1er Les Halles;Urbaine;CO;Fond;Oui;estimation objective;Moy. journalière;0.0;0.176375;mg-m3;100.0;100;100.0;A;1;48.86212;2.344616
2022/07/03 00:00:00;2022/07/03 23:59:59;AIRPARIF;FR11ZAG01;ZAG PARIS;FR04055;PARIS 1er Les Halles;Urbaine;CO;Fond;Oui;estimation objective;Moy. journalière;0.0;0.1214583333;mg-m3;100.0;100;100.0;A;1;48.86212;2.344616
2022/07/04 00:00:00;2022/07/04 23:59:59;AIRPARIF;FR11ZAG01;ZAG PARIS;FR04055;PARIS 1er Les Halles;Urbaine;CO;Fond;Oui;estimation objective;Moy. journalière;0.0;0.13375;mg-m3;100.0;100;100.0;A;1;48.86212;2.344616
2022/07/05 00:00:00;2022/07/05 23:59:59;AIRPARIF;FR11ZAG01;ZAG PARIS;FR04055;PARIS 1er Les Halles;Urbaine;CO;Fond;Oui;estimation objective;Moy. journalière;0.0;0.1343333333;mg-m3;100.0;100;100.0;A;1;48.86212;2.344616
2022/07/06 00:00:00;2022/07/06 23:59:59;AIRPARIF;FR11ZAG01;ZAG PARIS;FR04055;PARIS 1er Les Halles;Urbaine;CO;Fond;Oui;estimation objective;Moy. journalière;0.0;0.1394166667;mg-m3;100.0;100;100.0;A;1;48.86212;2.344616
2022/07/07 00:00:00;2022/07/07 23:59:59;AIRPARIF;FR11ZAG01;ZAG PARIS;FR04055;PARIS 1er Les Halles;Urbaine;CO;Fond;Oui;estimation objective;Moy. journalière;0.0;0.1370416667;mg-m3;100.0;100;100.0;A;1;48.86212;2.344616
2022/07/08 00:00:00;2022/07/08 23:59:59;AIRPARIF;FR11ZAG01;ZAG PARIS;FR04055;PARIS 1er Les Halles;Urbaine;CO;Fond;Oui;estimation objective;Moy. journalière;0.0;0.1479166667;mg-m3;100.0;100;100.0;A;1;48.86212;2.344616
2022/07/09 00:00:00;2022/07/09 23:59:59;AIRPARIF;FR11ZAG01;ZAG PARIS;FR04055;PARIS 1er Les Halles;Urbaine;CO;Fond;Oui;estimation objective;Moy. journalière;0.0;0.1485416667;mg-m3;100.0;100;100.0;A;1;48.86212;2.344616
2022/07/10 00:00:00;2022/07/10 23:59:59;AIRPARIF;FR11ZAG01;ZAG PARIS;FR04055;PARIS 1er Les Halles;Urbaine;CO;Fond;Oui;estimation objective;Moy. journalière;0.0;0.1260833333;mg-m3;100.0;100;100.0;A;1;48.86212;2.344616
2022/07/11 00:00:00;2022/07/11 23:59:59;AIRPARIF;FR11ZAG01;ZAG PARIS;FR04055;PARIS 1er Les Halles;Urbaine;CO;Fond;Oui;estimation objective;Moy. journalière;0.0;0.134125;mg-m3;100.0;100;100.0;A;1;48.86212;2.344616
2022/07/12 00:00:00;2022/07/12 23:59:59;AIRPARIF;FR11ZAG01;ZAG PARIS;FR04055;PARIS 1er Les Halles;Urbaine;CO;Fond;Oui;estimation objective;Moy. journalière;0.0;0.1503333333;mg-m3;100.0;100;100.0;A;1;48.86212;2.344616
2022/07/13 00:00:00;2022/07/13 23:59:59;AIRPARIF;FR11ZAG01;ZAG PARIS;FR04055;PARIS 1er Les Halles;Urbaine;CO;Fond;Oui;estimation objective;Moy. journalière;0.0;0.1806111111;mg-m3;75.0;100;75.0;A;1;48.86212;2.344616
2022/07/14 00:00:00;2022/07/14 23:59:59;AIRPARIF;FR11ZAG01;ZAG PARIS;FR04055;PARIS 1er Les Halles;Urbaine;CO;Fond;Oui;estimation objective;Moy. journalière;0.0;0.1540833333;mg-m3;100.0;100;100.0;A;1;48.86212;2.344616
2022/07/15 00:00:00;2022/07/15 23:59:59;AIRPARIF;FR11ZAG01;ZAG PARIS;FR04055;PARIS 1er Les Halles;Urbaine;CO;Fond;Oui;estimation objective;Moy. journalière;0.0;0.1389166667;mg-m3;100.0;100;100.0;A;1;48.86212;2.344616
2022/07/16 00:00:00;2022/07/16 23:59:59;AIRPARIF;FR11ZAG01;ZAG PARIS;FR04055;PARIS 1er Les Halles;Urbaine;CO;Fond;Oui;estimation objective;Moy. journalière;0.0;0.1575833333;mg-m3;100.0;100;100.0;A;1;48.86212;2.344616
2022/07/17 00:00:00;2022/07/17 23:59:59;AIRPARIF;FR11ZAG01;ZAG PARIS;FR04055;PARIS 1er Les Halles;Urbaine;CO;Fond;Oui;estimation objective;Moy. journalière;0.0;0.164875;mg-m3;100.0;100;100.0;A;1;48.86212;2.344616
2022/07/18 00:00:00;2022/07/18 23:59:59;AIRPARIF;FR11ZAG01;ZAG PARIS;FR04055;PARIS 1er Les Halles;Urbaine;CO;Fond;Oui;estimation objective;Moy. journalière;0.0;0.2023333333;mg-m3;100.0;100;100.0;A;1;48.86212;2.344616
2022/07/19 00:00:00;2022/07/19 23:59:59;AIRPARIF;FR11ZAG01;ZAG PARIS;FR04055;PARIS 1er Les Halles;Urbaine;CO;Fond;Oui;estimation objective;Moy. journalière;0.0;0.2417083333;mg-m3;100.0;100;100.0;A;1;48.86212;2.344616
2022/07/20 00:00:00;2022/07/20 23:59:59;AIRPARIF;FR11ZAG01;ZAG PARIS;FR04055;PARIS 1er Les Halles;Urbaine;CO;Fond;Oui;estimation objective;Moy. journalière;0.0;0.2198333333;mg-m3;100.0;100;100.0;A;1;48.86212;2.344616
2022/07/21 00:00:00;2022/07/21 23:59:59;AIRPARIF;FR11ZAG01;ZAG PARIS;FR04055;PARIS 1er Les Halles;Urbaine;CO;Fond;Oui;estimation objective;Moy. journalière;0.0;0.189;mg-m3;100.0;100;100.0;A;1;48.86212;2.344616
2022/07/22 00:00:00;2022/07/22 23:59:59;AIRPARIF;FR11ZAG01;ZAG PARIS;FR04055;PARIS 1er Les Halles;Urbaine;CO;Fond;Oui;estimation objective;Moy. journalière;0.0;0.2071666667;mg-m3;100.0;100;100.0;A;1;48.86212;2.344616
2022/07/23 00:00:00;2022/07/23 23:59:59;AIRPARIF;FR11ZAG01;ZAG PARIS;FR04055;PARIS 1er Les Halles;Urbaine;CO;Fond;Oui;estimation objective;Moy. journalière;0.0;0.1850416667;mg-m3;100.0;100;100.0;A;1;48.86212;2.344616
2022/07/24 00:00:00;2022/07/24 23:59:59;AIRPARIF;FR11ZAG01;ZAG PARIS;FR04055;PARIS 1er Les Halles;Urbaine;CO;Fond;Oui;estimation objective;Moy. journalière;0.0;0.1898333333;mg-m3;100.0;100;100.0;A;1;48.86212;2.344616
2022/07/25 00:00:00;2022/07/25 23:59:59;AIRPARIF;FR11ZAG01;ZAG PARIS;FR04055;PARIS 1er Les Halles;Urbaine;CO;Fond;Oui;estimation objective;Moy. journalière;0.0;0.1462916667;mg-m3;100.0;100;100.0;A;1;48.86212;2.344616
2022/07/26 00:00:00;2022/07/26 23:59:59;AIRPARIF;FR11ZAG01;ZAG PARIS;FR04055;PARIS 1er Les Halles;Urbaine;CO;Fond;Oui;estimation objective;Moy. journalière;0.0;0.1385833333;mg-m3;100.0;100;100.0;A;1;48.86212;2.344616
2022/07/27 00:00:00;2022/07/27 23:59:59;AIRPARIF;FR11ZAG01;ZAG PARIS;FR04055;PARIS 1er Les Halles;Urbaine;CO;Fond;Oui;estimation objective;Moy. journalière;0.0;0.1360833333;mg-m3;100.0;100;100.0;A;1;48.86212;2.344616
2022/07/28 00:00:00;2022/07/28 23:59:59;AIRPARIF;FR11ZAG01;ZAG PARIS;FR04055;PARIS 1er Les Halles;Urbaine;CO;Fond;Oui;estimation objective;Moy. journalière;0.0;0.1608695652;mg-m3;96.0;100;96.0;A;1;48.86212;2.344616
2022/07/29 00:00:00;2022/07/29 23:59:59;AIRPARIF;FR11ZAG01;ZAG PARIS;FR04055;PARIS 1er Les Halles;Urbaine;CO;Fond;Oui;estimation objective;Moy. journalière;0.0;0.1826666667;mg-m3;100.0;100;100.0;A;1;48.86212;2.344616
2022/07/30 00:00:00;2022/07/30 23:59:59;AIRPARIF;FR11ZAG01;ZAG PARIS;FR04055;PARIS 1er Les Halles;Urbaine;CO;Fond;Oui;estimation objective;Moy. journalière;0.0;0.1643333333;mg-m3;100.0;100;100.0;A;1;48.86212;2.344616
2022/07/31 00:00:00;2022/07/31 23:59:59;AIRPARIF;FR11ZAG01;ZAG PARIS;FR04055;PARIS 1er Les Halles;Urbaine;CO;Fond;Oui;estimation objective;Moy. journalière;0.0;0.135625;mg-m3;100.0;100;100.0;A;1;48.86212;2.344616
2022/08/01 00:00:00;2022/08/01 23:59:59;AIRPARIF;FR11ZAG01;ZAG PARIS;FR04055;PARIS 1er Les Halles;Urbaine;CO;Fond;Oui;estimation objective;Moy. journalière;0.0;0.1279047619;mg-m3;88.0;100;88.0;A;1;48.86212;2.344616
2022/08/02 00:00:00;2022/08/02 23:59:59;AIRPARIF;FR11ZAG01;ZAG PARIS;FR04055;PARIS 1er Les Halles;Urbaine;CO;Fond;Oui;estimation objective;Moy. journalière;0.0;0.1644375;mg-m3;67.0;100;67.0;N;-1;48.86212;2.344616
2022/08/03 00:00:00;2022/08/03 23:59:59;AIRPARIF;FR11ZAG01;ZAG PARIS;FR04055;PARIS 1er Les Halles;Urbaine;CO;Fond;Oui;estimation objective;Moy. journalière;0.0;0.1635;mg-m3;100.0;100;100.0;A;1;48.86212;2.344616
2022/08/04 00:00:00;2022/08/04 23:59:59;AIRPARIF;FR11ZAG01;ZAG PARIS;FR04055;PARIS 1er Les Halles;Urbaine;CO;Fond;Oui;estimation objective;Moy. journalière;0.0;0.136826087;mg-m3;96.0;100;96.0;R;1;48.86212;2.344616
2022/08/05 00:00:00;2022/08/05 23:59:59;AIRPARIF;FR11ZAG01;ZAG PARIS;FR04055;PARIS 1er Les Halles;Urbaine;CO;Fond;Oui;estimation objective;Moy. journalière;0.0;0.1347083333;mg-m3;100.0;100;100.0;A;1;48.86212;2.344616
2022/08/06 00:00:00;2022/08/06 23:59:59;AIRPARIF;FR11ZAG01;ZAG PARIS;FR04055;PARIS 1er Les Halles;Urbaine;CO;Fond;Oui;estimation objective;Moy. journalière;0.0;0.12775;mg-m3;100.0;100;100.0;A;1;48.86212;2.344616
2022/08/07 00:00:00;2022/08/07 23:59:59;AIRPARIF;FR11ZAG01;ZAG PARIS;FR04055;PARIS 1er Les Halles;Urbaine;CO;Fond;Oui;estimation objective;Moy. journalière;0.0;0.1385416667;mg-m3;100.0;100;100.0;A;1;48.86212;2.344616
2022/08/08 00:00:00;2022/08/08 23:59:59;AIRPARIF;FR11ZAG01;ZAG PARIS;FR04055;PARIS 1er Les Halles;Urbaine;CO;Fond;Oui;estimation objective;Moy. journalière;0.0;0.1518333333;mg-m3;100.0;100;100.0;A;1;48.86212;2.344616
2022/08/09 00:00:00;2022/08/09 23:59:59;AIRPARIF;FR11ZAG01;ZAG PARIS;FR04055;PARIS 1er Les Halles;Urbaine;CO;Fond;Oui;estimation objective;Moy. journalière;0.0;0.1553333333;mg-m3;100.0;100;100.0;A;1;48.86212;2.344616
2022/08/10 00:00:00;2022/08/10 23:59:59;AIRPARIF;FR11ZAG01;ZAG PARIS;FR04055;PARIS 1er Les Halles;Urbaine;CO;Fond;Oui;estimation objective;Moy. journalière;0.0;0.1819583333;mg-m3;100.0;100;100.0;A;1;48.86212;2.344616
2022/08/11 00:00:00;2022/08/11 23:59:59;AIRPARIF;FR11ZAG01;ZAG PARIS;FR04055;PARIS 1er Les Halles;Urbaine;CO;Fond;Oui;estimation objective;Moy. journalière;0.0;0.2019583333;mg-m3;100.0;100;100.0;A;1;48.86212;2.344616
2022/08/12 00:00:00;2022/08/12 23:59:59;AIRPARIF;FR11ZAG01;ZAG PARIS;FR04055;PARIS 1er Les Halles;Urbaine;CO;Fond;Oui;estimation objective;Moy. journalière;0.0;0.1888333333;mg-m3;100.0;100;100.0;A;1;48.86212;2.344616
2022/08/13 00:00:00;2022/08/13 23:59:59;AIRPARIF;FR11ZAG01;ZAG PARIS;FR04055;PARIS 1er Les Halles;Urbaine;CO;Fond;Oui;estimation objective;Moy. journalière;0.0;0.1680833333;mg-m3;100.0;100;100.0;A;1;48.86212;2.344616
2022/08/14 00:00:00;2022/08/14 23:59:59;AIRPARIF;FR11ZAG01;ZAG PARIS;FR04055;PARIS 1er Les Halles;Urbaine;CO;Fond;Oui;estimation objective;Moy. journalière;0.0;0.1815416667;mg-m3;100.0;100;100.0;A;1;48.86212;2.344616
2022/08/15 00:00:00;2022/08/15 23:59:59;AIRPARIF;FR11ZAG01;ZAG PARIS;FR04055;PARIS 1er Les Halles;Urbaine;CO;Fond;Oui;estimation objective;Moy. journalière;0.0;0.1726666667;mg-m3;100.0;100;100.0;A;1;48.86212;2.344616
2022/08/16 00:00:00;2022/08/16 23:59:59;AIRPARIF;FR11ZAG01;ZAG PARIS;FR04055;PARIS 1er Les Halles;Urbaine;CO;Fond;Oui;estimation objective;Moy. journalière;0.0;0.235125;mg-m3;100.0;100;100.0;A;1;48.86212;2.344616
2022/08/17 00:00:00;2022/08/17 23:59:59;AIRPARIF;FR11ZAG01;ZAG PARIS;FR04055;PARIS 1er Les Halles;Urbaine;CO;Fond;Oui;estimation objective;Moy. journalière;0.0;0.22675;mg-m3;100.0;100;100.0;A;1;48.86212;2.344616
2022/08/18 00:00:00;2022/08/18 23:59:59;AIRPARIF;FR11ZAG01;ZAG PARIS;FR04055;PARIS 1er Les Halles;Urbaine;CO;Fond;Oui;estimation objective;Moy. journalière;0.0;0.1997083333;mg-m3;100.0;100;100.0;A;1;48.86212;2.344616
2022/08/19 00:00:00;2022/08/19 23:59:59;AIRPARIF;FR11ZAG01;ZAG PARIS;FR04055;PARIS 1er Les Halles;Urbaine;CO;Fond;Oui;estimation objective;Moy. journalière;0.0;0.1327083333;mg-m3;100.0;100;100.0;A;1;48.86212;2.344616
2022/08/20 00:00:00;2022/08/20 23:59:59;AIRPARIF;FR11ZAG01;ZAG PARIS;FR04055;PARIS 1er Les Halles;Urbaine;CO;Fond;Oui;estimation objective;Moy. journalière;0.0;0.1370833333;mg-m3;100.0;100;100.0;A;1;48.86212;2.344616
2022/08/21 00:00:00;2022/08/21 23:59:59;AIRPARIF;FR11ZAG01;ZAG PARIS;FR04055;PARIS 1er Les Halles;Urbaine;CO;Fond;Oui;estimation objective;Moy. journalière;0.0;0.1382083333;mg-m3;100.0;100;100.0;A;1;48.86212;2.344616
2022/08/22 00:00:00;2022/08/22 23:59:59;AIRPARIF;FR11ZAG01;ZAG PARIS;FR04055;PARIS 1er Les Halles;Urbaine;CO;Fond;Oui;estimation objective;Moy. journalière;0.0;0.1399166667;mg-m3;100.0;100;100.0;A;1;48.86212;2.344616
2022/08/23 00:00:00;2022/08/23 23:59:59;AIRPARIF;FR11ZAG01;ZAG PARIS;FR04055;PARIS 1er Les Halles;Urbaine;CO;Fond;Oui;estimation objective;Moy. journalière;0.0;0.1869583333;mg-m3;100.0;100;100.0;A;1;48.86212;2.344616
2022/08/24 00:00:00;2022/08/24 23:59:59;AIRPARIF;FR11ZAG01;ZAG PARIS;FR04055;PARIS 1er Les Halles;Urbaine;CO;Fond;Oui;estimation objective;Moy. journalière;0.0;0.2084166667;mg-m3;100.0;100;100.0;A;1;48.86212;2.344616
2022/08/25 00:00:00;2022/08/25 23:59:59;AIRPARIF;FR11ZAG01;ZAG PARIS;FR04055;PARIS 1er Les Halles;Urbaine;CO;Fond;Oui;estimation objective;Moy. journalière;0.0;0.2095;mg-m3;100.0;100;100.0;A;1;48.86212;2.344616
2022/08/26 00:00:00;2022/08/26 23:59:59;AIRPARIF;FR11ZAG01;ZAG PARIS;FR04055;PARIS 1er Les Halles;Urbaine;CO;Fond;Oui;estimation objective;Moy. journalière;0.0;0.1369166667;mg-m3;100.0;100;100.0;A;1;48.86212;2.344616
2022/08/27 00:00:00;2022/08/27 23:59:59;AIRPARIF;FR11ZAG01;ZAG PARIS;FR04055;PARIS 1er Les Halles;Urbaine;CO;Fond;Oui;estimation objective;Moy. journalière;0.0;0.150375;mg-m3;100.0;100;100.0;A;1;48.86212;2.344616
2022/08/28 00:00:00;2022/08/28 23:59:59;AIRPARIF;FR11ZAG01;ZAG PARIS;FR04055;PARIS 1er Les Halles;Urbaine;CO;Fond;Oui;estimation objective;Moy. journalière;0.0;0.1519583333;mg-m3;100.0;100;100.0;A;1;48.86212;2.344616
2022/08/29 00:00:00;2022/08/29 23:59:59;AIRPARIF;FR11ZAG01;ZAG PARIS;FR04055;PARIS 1er Les Halles;Urbaine;CO;Fond;Oui;estimation objective;Moy. journalière;0.0;0.1598333333;mg-m3;100.0;100;100.0;A;1;48.86212;2.344616
2022/08/30 00:00:00;2022/08/30 23:59:59;AIRPARIF;FR11ZAG01;ZAG PARIS;FR04055;PARIS 1er Les Halles;Urbaine;CO;Fond;Oui;estimation objective;Moy. journalière;0.0;0.1950416667;mg-m3;100.0;100;100.0;A;1;48.86212;2.344616
2022/08/31 00:00:00;2022/08/31 23:59:59;AIRPARIF;FR11ZAG01;ZAG PARIS;FR04055;PARIS 1er Les Halles;Urbaine;CO;Fond;Oui;estimation objective;Moy. journalière;0.0;0.1835;mg-m3;100.0;100;100.0;A;1;48.86212;2.344616
2022/09/01 00:00:00;2022/09/01 23:59:59;AIRPARIF;FR11ZAG01;ZAG PARIS;FR04055;PARIS 1er Les Halles;Urbaine;CO;Fond;Oui;estimation objective;Moy. journalière;0.0;0.17925;mg-m3;100.0;100;100.0;A;1;48.86212;2.344616
2022/09/02 00:00:00;2022/09/02 23:59:59;AIRPARIF;FR11ZAG01;ZAG PARIS;FR04055;PARIS 1er Les Halles;Urbaine;CO;Fond;Oui;estimation objective;Moy. journalière;0.0;0.197875;mg-m3;100.0;100;100.0;A;1;48.86212;2.344616
2022/09/03 00:00:00;2022/09/03 23:59:59;AIRPARIF;FR11ZAG01;ZAG PARIS;FR04055;PARIS 1er Les Halles;Urbaine;CO;Fond;Oui;estimation objective;Moy. journalière;0.0;0.1875833333;mg-m3;100.0;100;100.0;A;1;48.86212;2.344616
2022/09/04 00:00:00;2022/09/04 23:59:59;AIRPARIF;FR11ZAG01;ZAG PARIS;FR04055;PARIS 1er Les Halles;Urbaine;CO;Fond;Oui;estimation objective;Moy. journalière;0.0;0.1665416667;mg-m3;100.0;100;100.0;A;1;48.86212;2.344616
2022/09/05 00:00:00;2022/09/05 23:59:59;AIRPARIF;FR11ZAG01;ZAG PARIS;FR04055;PARIS 1er Les Halles;Urbaine;CO;Fond;Oui;estimation objective;Moy. journalière;0.0;0.1840416667;mg-m3;100.0;100;100.0;A;1;48.86212;2.344616
2022/09/06 00:00:00;2022/09/06 23:59:59;AIRPARIF;FR11ZAG01;ZAG PARIS;FR04055;PARIS 1er Les Halles;Urbaine;CO;Fond;Oui;estimation objective;Moy. journalière;0.0;0.1849166667;mg-m3;100.0;100;100.0;A;1;48.86212;2.344616
2022/09/07 00:00:00;2022/09/07 23:59:59;AIRPARIF;FR11ZAG01;ZAG PARIS;FR04055;PARIS 1er Les Halles;Urbaine;CO;Fond;Oui;estimation objective;Moy. journalière;0.0;0.1629583333;mg-m3;100.0;100;100.0;A;1;48.86212;2.344616
2022/09/08 00:00:00;2022/09/08 23:59:59;AIRPARIF;FR11ZAG01;ZAG PARIS;FR04055;PARIS 1er Les Halles;Urbaine;CO;Fond;Oui;estimation objective;Moy. journalière;0.0;0.1463333333;mg-m3;100.0;100;100.0;A;1;48.86212;2.344616
2022/09/09 00:00:00;2022/09/09 23:59:59;AIRPARIF;FR11ZAG01;ZAG PARIS;FR04055;PARIS 1er Les Halles;Urbaine;CO;Fond;Oui;estimation objective;Moy. journalière;0.0;0.15;mg-m3;100.0;100;100.0;A;1;48.86212;2.344616
2022/09/10 00:00:00;2022/09/10 23:59:59;AIRPARIF;FR11ZAG01;ZAG PARIS;FR04055;PARIS 1er Les Halles;Urbaine;CO;Fond;Oui;estimation objective;Moy. journalière;0.0;0.1690833333;mg-m3;100.0;100;100.0;A;1;48.86212;2.344616
2022/09/11 00:00:00;2022/09/11 23:59:59;AIRPARIF;FR11ZAG01;ZAG PARIS;FR04055;PARIS 1er Les Halles;Urbaine;CO;Fond;Oui;estimation objective;Moy. journalière;0.0;0.2035;mg-m3;100.0;100;100.0;A;1;48.86212;2.344616
2022/09/12 00:00:00;2022/09/12 23:59:59;AIRPARIF;FR11ZAG01;ZAG PARIS;FR04055;PARIS 1er Les Halles;Urbaine;CO;Fond;Oui;estimation objective;Moy. journalière;0.0;0.20925;mg-m3;100.0;100;100.0;A;1;48.86212;2.344616
2022/09/13 00:00:00;2022/09/13 23:59:59;AIRPARIF;FR11ZAG01;ZAG PARIS;FR04055;PARIS 1er Les Halles;Urbaine;CO;Fond;Oui;estimation objective;Moy. journalière;0.0;0.2285333333;mg-m3;63.0;100;63.0;N;-1;48.86212;2.344616
2022/09/14 00:00:00;2022/09/14 23:59:59;AIRPARIF;FR11ZAG01;ZAG PARIS;FR04055;PARIS 1er Les Halles;Urbaine;CO;Fond;Oui;estimation objective;Moy. journalière;0.0;0.1644;mg-m3;63.0;100;63.0;N;-1;48.86212;2.344616
2022/09/15 00:00:00;2022/09/15 23:59:59;AIRPARIF;FR11ZAG01;ZAG PARIS;FR04055;PARIS 1er Les Halles;Urbaine;CO;Fond;Oui;estimation objective;Moy. journalière;0.0;0.1724705882;mg-m3;71.0;100;71.0;N;-1;48.86212;2.344616
2022/09/16 00:00:00;2022/09/16 23:59:59;AIRPARIF;FR11ZAG01;ZAG PARIS;FR04055;PARIS 1er Les Halles;Urbaine;CO;Fond;Oui;estimation objective;Moy. journalière;0.0;0.0;mg-m3;0.0;100;0.0;N;-1;48.86212;2.344616
2022/09/17 00:00:00;2022/09/17 23:59:59;AIRPARIF;FR11ZAG01;ZAG PARIS;FR04055;PARIS 1er Les Halles;Urbaine;CO;Fond;Oui;estimation objective;Moy. journalière;0.0;0.0;mg-m3;0.0;100;0.0;N;-1;48.86212;2.344616
2022/09/18 00:00:00;2022/09/18 23:59:59;AIRPARIF;FR11ZAG01;ZAG PARIS;FR04055;PARIS 1er Les Halles;Urbaine;CO;Fond;Oui;estimation objective;Moy. journalière;0.0;0.0;mg-m3;0.0;100;0.0;N;-1;48.86212;2.344616
2022/09/19 00:00:00;2022/09/19 23:59:59;AIRPARIF;FR11ZAG01;ZAG PARIS;FR04055;PARIS 1er Les Halles;Urbaine;CO;Fond;Oui;estimation objective;Moy. journalière;0.0;0.0;mg-m3;0.0;100;0.0;N;-1;48.86212;2.344616
2022/09/20 00:00:00;2022/09/20 23:59:59;AIRPARIF;FR11ZAG01;ZAG PARIS;FR04055;PARIS 1er Les Halles;Urbaine;CO;Fond;Oui;estimation objective;Moy. journalière;0.0;0.0;mg-m3;0.0;100;0.0;N;-1;48.86212;2.344616
2022/09/21 00:00:00;2022/09/21 23:59:59;AIRPARIF;FR11ZAG01;ZAG PARIS;FR04055;PARIS 1er Les Halles;Urbaine;CO;Fond;Oui;estimation objective;Moy. journalière;0.0;0.0;mg-m3;0.0;100;0.0;N;-1;48.86212;2.344616
2022/09/22 00:00:00;2022/09/22 23:59:59;AIRPARIF;FR11ZAG01;ZAG PARIS;FR04055;PARIS 1er Les Halles;Urbaine;CO;Fond;Oui;estimation objective;Moy. journalière;0.0;0.0;mg-m3;0.0;100;0.0;N;-1;48.86212;2.344616
2022/09/23 00:00:00;2022/09/23 23:59:59;AIRPARIF;FR11ZAG01;ZAG PARIS;FR04055;PARIS 1er Les Halles;Urbaine;CO;Fond;Oui;estimation objective;Moy. journalière;0.0;0.0;mg-m3;0.0;100;0.0;N;-1;48.86212;2.344616
2022/09/24 00:00:00;2022/09/24 23:59:59;AIRPARIF;FR11ZAG01;ZAG PARIS;FR04055;PARIS 1er Les Halles;Urbaine;CO;Fond;Oui;estimation objective;Moy. journalière;0.0;0.0;mg-m3;0.0;100;0.0;N;-1;48.86212;2.344616
2022/09/25 00:00:00;2022/09/25 23:59:59;AIRPARIF;FR11ZAG01;ZAG PARIS;FR04055;PARIS 1er Les Halles;Urbaine;CO;Fond;Oui;estimation objective;Moy. journalière;0.0;0.0;mg-m3;0.0;100;0.0;N;-1;48.86212;2.344616
2022/09/26 00:00:00;2022/09/26 23:59:59;AIRPARIF;FR11ZAG01;ZAG PARIS;FR04055;PARIS 1er Les Halles;Urbaine;CO;Fond;Oui;estimation objective;Moy. journalière;0.0;0.1386923077;mg-m3;54.0;100;54.0;N;-1;48.86212;2.344616
2022/09/27 00:00:00;2022/09/27 23:59:59;AIRPARIF;FR11ZAG01;ZAG PARIS;FR04055;PARIS 1er Les Halles;Urbaine;CO;Fond;Oui;estimation objective;Moy. journalière;0.0;0.1340833333;mg-m3;100.0;100;100.0;R;1;48.86212;2.344616
2022/09/28 00:00:00;2022/09/28 23:59:59;AIRPARIF;FR11ZAG01;ZAG PARIS;FR04055;PARIS 1er Les Halles;Urbaine;CO;Fond;Oui;estimation objective;Moy. journalière;0.0;0.1439166667;mg-m3;100.0;100;100.0;A;1;48.86212;2.344616
2022/09/29 00:00:00;2022/09/29 23:59:59;AIRPARIF;FR11ZAG01;ZAG PARIS;FR04055;PARIS 1er Les Halles;Urbaine;CO;Fond;Oui;estimation objective;Moy. journalière;0.0;0.220375;mg-m3;100.0;100;100.0;A;1;48.86212;2.344616
2022/09/30 00:00:00;2022/09/30 23:59:59;AIRPARIF;FR11ZAG01;ZAG PARIS;FR04055;PARIS 1er Les Halles;Urbaine;CO;Fond;Oui;estimation objective;Moy. journalière;0.0;0.2274782609;mg-m3;96.0;100;96.0;R;1;48.86212;2.344616
2022/10/01 00:00:00;2022/10/01 23:59:59;AIRPARIF;FR11ZAG01;ZAG PARIS;FR04055;PARIS 1er Les Halles;Urbaine;CO;Fond;Oui;estimation objective;Moy. journalière;0.0;0.131875;mg-m3;100.0;100;100.0;A;1;48.86212;2.344616
2022/10/02 00:00:00;2022/10/02 23:59:59;AIRPARIF;FR11ZAG01;ZAG PARIS;FR04055;PARIS 1er Les Halles;Urbaine;CO;Fond;Oui;estimation objective;Moy. journalière;0.0;0.1182083333;mg-m3;100.0;100;100.0;A;1;48.86212;2.344616
2022/10/03 00:00:00;2022/10/03 23:59:59;AIRPARIF;FR11ZAG01;ZAG PARIS;FR04055;PARIS 1er Les Halles;Urbaine;CO;Fond;Oui;estimation objective;Moy. journalière;0.0;0.1737083333;mg-m3;100.0;100;100.0;A;1;48.86212;2.344616
2022/10/04 00:00:00;2022/10/04 23:59:59;AIRPARIF;FR11ZAG01;ZAG PARIS;FR04055;PARIS 1er Les Halles;Urbaine;CO;Fond;Oui;estimation objective;Moy. journalière;0.0;0.3051666667;mg-m3;100.0;100;100.0;A;1;48.86212;2.344616
2022/10/05 00:00:00;2022/10/05 23:59:59;AIRPARIF;FR11ZAG01;ZAG PARIS;FR04055;PARIS 1er Les Halles;Urbaine;CO;Fond;Oui;estimation objective;Moy. journalière;0.0;0.1475;mg-m3;100.0;100;100.0;A;1;48.86212;2.344616
2022/10/06 00:00:00;2022/10/06 23:59:59;AIRPARIF;FR11ZAG01;ZAG PARIS;FR04055;PARIS 1er Les Halles;Urbaine;CO;Fond;Oui;estimation objective;Moy. journalière;0.0;0.2362916667;mg-m3;100.0;100;100.0;A;1;48.86212;2.344616
2022/10/07 00:00:00;2022/10/07 23:59:59;AIRPARIF;FR11ZAG01;ZAG PARIS;FR04055;PARIS 1er Les Halles;Urbaine;CO;Fond;Oui;estimation objective;Moy. journalière;0.0;0.324;mg-m3;100.0;100;100.0;A;1;48.86212;2.344616
2022/10/08 00:00:00;2022/10/08 23:59:59;AIRPARIF;FR11ZAG01;ZAG PARIS;FR04055;PARIS 1er Les Halles;Urbaine;CO;Fond;Oui;estimation objective;Moy. journalière;0.0;0.1679166667;mg-m3;100.0;100;100.0;A;1;48.86212;2.344616
2022/10/09 00:00:00;2022/10/09 23:59:59;AIRPARIF;FR11ZAG01;ZAG PARIS;FR04055;PARIS 1er Les Halles;Urbaine;CO;Fond;Oui;estimation objective;Moy. journalière;0.0;0.2149583333;mg-m3;100.0;100;100.0;A;1;48.86212;2.344616
2022/10/10 00:00:00;2022/10/10 23:59:59;AIRPARIF;FR11ZAG01;ZAG PARIS;FR04055;PARIS 1er Les Halles;Urbaine;CO;Fond;Oui;estimation objective;Moy. journalière;0.0;0.186875;mg-m3;100.0;100;100.0;A;1;48.86212;2.344616
2022/10/11 00:00:00;2022/10/11 23:59:59;AIRPARIF;FR11ZAG01;ZAG PARIS;FR04055;PARIS 1er Les Halles;Urbaine;CO;Fond;Oui;estimation objective;Moy. journalière;0.0;0.166375;mg-m3;100.0;100;100.0;A;1;48.86212;2.344616
2022/10/12 00:00:00;2022/10/12 23:59:59;AIRPARIF;FR11ZAG01;ZAG PARIS;FR04055;PARIS 1er Les Halles;Urbaine;CO;Fond;Oui;estimation objective;Moy. journalière;0.0;0.2650588235;mg-m3;71.0;100;71.0;N;-1;48.86212;2.344616
2022/10/13 00:00:00;2022/10/13 23:59:59;AIRPARIF;FR11ZAG01;ZAG PARIS;FR04055;PARIS 1er Les Halles;Urbaine;CO;Fond;Oui;estimation objective;Moy. journalière;0.0;0.1755833333;mg-m3;100.0;100;100.0;A;1;48.86212;2.344616
2022/10/14 00:00:00;2022/10/14 23:59:59;AIRPARIF;FR11ZAG01;ZAG PARIS;FR04055;PARIS 1er Les Halles;Urbaine;CO;Fond;Oui;estimation objective;Moy. journalière;0.0;0.1535416667;mg-m3;100.0;100;100.0;A;1;48.86212;2.344616
2022/10/15 00:00:00;2022/10/15 23:59:59;AIRPARIF;FR11ZAG01;ZAG PARIS;FR04055;PARIS 1er Les Halles;Urbaine;CO;Fond;Oui;estimation objective;Moy. journalière;0.0;0.1230416667;mg-m3;100.0;100;100.0;A;1;48.86212;2.344616
2022/10/16 00:00:00;2022/10/16 23:59:59;AIRPARIF;FR11ZAG01;ZAG PARIS;FR04055;PARIS 1er Les Halles;Urbaine;CO;Fond;Oui;estimation objective;Moy. journalière;0.0;0.1435416667;mg-m3;100.0;100;100.0;A;1;48.86212;2.344616
2022/10/17 00:00:00;2022/10/17 23:59:59;AIRPARIF;FR11ZAG01;ZAG PARIS;FR04055;PARIS 1er Les Halles;Urbaine;CO;Fond;Oui;estimation objective;Moy. journalière;0.0;0.1620416667;mg-m3;100.0;100;100.0;A;1;48.86212;2.344616
2022/10/18 00:00:00;2022/10/18 23:59:59;AIRPARIF;FR11ZAG01;ZAG PARIS;FR04055;PARIS 1er Les Halles;Urbaine;CO;Fond;Oui;estimation objective;Moy. journalière;0.0;0.145875;mg-m3;100.0;100;100.0;A;1;48.86212;2.344616
2022/10/19 00:00:00;2022/10/19 23:59:59;AIRPARIF;FR11ZAG01;ZAG PARIS;FR04055;PARIS 1er Les Halles;Urbaine;CO;Fond;Oui;estimation objective;Moy. journalière;0.0;0.1400416667;mg-m3;100.0;100;100.0;A;1;48.86212;2.344616
2022/10/20 00:00:00;2022/10/20 23:59:59;AIRPARIF;FR11ZAG01;ZAG PARIS;FR04055;PARIS 1er Les Halles;Urbaine;CO;Fond;Oui;estimation objective;Moy. journalière;0.0;0.143375;mg-m3;100.0;100;100.0;A;1;48.86212;2.344616
2022/10/21 00:00:00;2022/10/21 23:59:59;AIRPARIF;FR11ZAG01;ZAG PARIS;FR04055;PARIS 1er Les Halles;Urbaine;CO;Fond;Oui;estimation objective;Moy. journalière;0.0;0.1609166667;mg-m3;100.0;100;100.0;A;1;48.86212;2.344616
2022/10/22 00:00:00;2022/10/22 23:59:59;AIRPARIF;FR11ZAG01;ZAG PARIS;FR04055;PARIS 1er Les Halles;Urbaine;CO;Fond;Oui;estimation objective;Moy. journalière;0.0;0.1665416667;mg-m3;100.0;100;100.0;A;1;48.86212;2.344616
2022/10/23 00:00:00;2022/10/23 23:59:59;AIRPARIF;FR11ZAG01;ZAG PARIS;FR04055;PARIS 1er Les Halles;Urbaine;CO;Fond;Oui;estimation objective;Moy. journalière;0.0;0.1174583333;mg-m3;100.0;100;100.0;A;1;48.86212;2.344616
2022/10/24 00:00:00;2022/10/24 23:59:59;AIRPARIF;FR11ZAG01;ZAG PARIS;FR04055;PARIS 1er Les Halles;Urbaine;CO;Fond;Oui;estimation objective;Moy. journalière;0.0;0.1078333333;mg-m3;100.0;100;100.0;A;1;48.86212;2.344616
2022/10/25 00:00:00;2022/10/25 23:59:59;AIRPARIF;FR11ZAG01;ZAG PARIS;FR04055;PARIS 1er Les Halles;Urbaine;CO;Fond;Oui;estimation objective;Moy. journalière;0.0;0.136375;mg-m3;100.0;100;100.0;A;1;48.86212;2.344616
2022/10/26 00:00:00;2022/10/26 23:59:59;AIRPARIF;FR11ZAG01;ZAG PARIS;FR04055;PARIS 1er Les Halles;Urbaine;CO;Fond;Oui;estimation objective;Moy. journalière;0.0;0.1695833333;mg-m3;100.0;100;100.0;A;1;48.86212;2.344616
2022/10/27 00:00:00;2022/10/27 23:59:59;AIRPARIF;FR11ZAG01;ZAG PARIS;FR04055;PARIS 1er Les Halles;Urbaine;CO;Fond;Oui;estimation objective;Moy. journalière;0.0;0.2047083333;mg-m3;100.0;100;100.0;A;1;48.86212;2.344616
2022/10/28 00:00:00;2022/10/28 23:59:59;AIRPARIF;FR11ZAG01;ZAG PARIS;FR04055;PARIS 1er Les Halles;Urbaine;CO;Fond;Oui;estimation objective;Moy. journalière;0.0;0.2110833333;mg-m3;100.0;100;100.0;A;1;48.86212;2.344616
2022/10/29 00:00:00;2022/10/29 23:59:59;AIRPARIF;FR11ZAG01;ZAG PARIS;FR04055;PARIS 1er Les Halles;Urbaine;CO;Fond;Oui;estimation objective;Moy. journalière;0.0;0.2074166667;mg-m3;100.0;100;100.0;A;1;48.86212;2.344616
2022/10/30 00:00:00;2022/10/30 23:59:59;AIRPARIF;FR11ZAG01;ZAG PARIS;FR04055;PARIS 1er Les Halles;Urbaine;CO;Fond;Oui;estimation objective;Moy. journalière;0.0;0.1734166667;mg-m3;100.0;100;100.0;A;1;48.86212;2.344616
2022/10/31 00:00:00;2022/10/31 23:59:59;AIRPARIF;FR11ZAG01;ZAG PARIS;FR04055;PARIS 1er Les Halles;Urbaine;CO;Fond;Oui;estimation objective;Moy. journalière;0.0;0.1745416667;mg-m3;100.0;100;100.0;A;1;48.86212;2.344616
2022/11/01 00:00:00;2022/11/01 23:59:59;AIRPARIF;FR11ZAG01;ZAG PARIS;FR04055;PARIS 1er Les Halles;Urbaine;CO;Fond;Oui;estimation objective;Moy. journalière;0.0;0.115125;mg-m3;100.0;100;100.0;A;1;48.86212;2.344616
2022/11/02 00:00:00;2022/11/02 23:59:59;AIRPARIF;FR11ZAG01;ZAG PARIS;FR04055;PARIS 1er Les Halles;Urbaine;CO;Fond;Oui;estimation objective;Moy. journalière;0.0;0.1617916667;mg-m3;100.0;100;100.0;A;1;48.86212;2.344616
2022/11/03 00:00:00;2022/11/03 23:59:59;AIRPARIF;FR11ZAG01;ZAG PARIS;FR04055;PARIS 1er Les Halles;Urbaine;CO;Fond;Oui;estimation objective;Moy. journalière;0.0;0.1639583333;mg-m3;100.0;100;100.0;A;1;48.86212;2.344616
2022/11/04 00:00:00;2022/11/04 23:59:59;AIRPARIF;FR11ZAG01;ZAG PARIS;FR04055;PARIS 1er Les Halles;Urbaine;CO;Fond;Oui;estimation objective;Moy. journalière;0.0;0.16825;mg-m3;100.0;100;100.0;A;1;48.86212;2.344616
2022/11/05 00:00:00;2022/11/05 23:59:59;AIRPARIF;FR11ZAG01;ZAG PARIS;FR04055;PARIS 1er Les Halles;Urbaine;CO;Fond;Oui;estimation objective;Moy. journalière;0.0;0.2104166667;mg-m3;100.0;100;100.0;A;1;48.86212;2.344616
2022/11/06 00:00:00;2022/11/06 23:59:59;AIRPARIF;FR11ZAG01;ZAG PARIS;FR04055;PARIS 1er Les Halles;Urbaine;CO;Fond;Oui;estimation objective;Moy. journalière;0.0;0.18125;mg-m3;100.0;100;100.0;A;1;48.86212;2.344616
2022/11/07 00:00:00;2022/11/07 23:59:59;AIRPARIF;FR11ZAG01;ZAG PARIS;FR04055;PARIS 1er Les Halles;Urbaine;CO;Fond;Oui;estimation objective;Moy. journalière;0.0;0.15925;mg-m3;100.0;100;100.0;A;1;48.86212;2.344616
2022/11/08 00:00:00;2022/11/08 23:59:59;AIRPARIF;FR11ZAG01;ZAG PARIS;FR04055;PARIS 1er Les Halles;Urbaine;CO;Fond;Oui;estimation objective;Moy. journalière;0.0;0.1525416667;mg-m3;100.0;100;100.0;A;1;48.86212;2.344616
2022/11/09 00:00:00;2022/11/09 23:59:59;AIRPARIF;FR11ZAG01;ZAG PARIS;FR04055;PARIS 1er Les Halles;Urbaine;CO;Fond;Oui;estimation objective;Moy. journalière;0.0;0.1914166667;mg-m3;100.0;100;100.0;R;1;48.86212;2.344616
2022/11/10 00:00:00;2022/11/10 23:59:59;AIRPARIF;FR11ZAG01;ZAG PARIS;FR04055;PARIS 1er Les Halles;Urbaine;CO;Fond;Oui;estimation objective;Moy. journalière;0.0;0.2503333333;mg-m3;100.0;100;100.0;A;1;48.86212;2.344616
2022/11/11 00:00:00;2022/11/11 23:59:59;AIRPARIF;FR11ZAG01;ZAG PARIS;FR04055;PARIS 1er Les Halles;Urbaine;CO;Fond;Oui;estimation objective;Moy. journalière;0.0;0.1992083333;mg-m3;100.0;100;100.0;A;1;48.86212;2.344616
2022/11/12 00:00:00;2022/11/12 23:59:59;AIRPARIF;FR11ZAG01;ZAG PARIS;FR04055;PARIS 1er Les Halles;Urbaine;CO;Fond;Oui;estimation objective;Moy. journalière;0.0;0.378125;mg-m3;100.0;100;100.0;A;1;48.86212;2.344616
2022/11/13 00:00:00;2022/11/13 23:59:59;AIRPARIF;FR11ZAG01;ZAG PARIS;FR04055;PARIS 1er Les Halles;Urbaine;CO;Fond;Oui;estimation objective;Moy. journalière;0.0;0.3929583333;mg-m3;100.0;100;100.0;A;1;48.86212;2.344616
2022/11/14 00:00:00;2022/11/14 23:59:59;AIRPARIF;FR11ZAG01;ZAG PARIS;FR04055;PARIS 1er Les Halles;Urbaine;CO;Fond;Oui;estimation objective;Moy. journalière;0.0;0.2852083333;mg-m3;100.0;100;100.0;A;1;48.86212;2.344616
2022/11/15 00:00:00;2022/11/15 23:59:59;AIRPARIF;FR11ZAG01;ZAG PARIS;FR04055;PARIS 1er Les Halles;Urbaine;CO;Fond;Oui;estimation objective;Moy. journalière;0.0;0.1955;mg-m3;100.0;100;100.0;A;1;48.86212;2.344616
2022/11/16 00:00:00;2022/11/16 23:59:59;AIRPARIF;FR11ZAG01;ZAG PARIS;FR04055;PARIS 1er Les Halles;Urbaine;CO;Fond;Oui;estimation objective;Moy. journalière;0.0;0.1524583333;mg-m3;100.0;100;100.0;A;1;48.86212;2.344616
2022/11/17 00:00:00;2022/11/17 23:59:59;AIRPARIF;FR11ZAG01;ZAG PARIS;FR04055;PARIS 1er Les Halles;Urbaine;CO;Fond;Oui;estimation objective;Moy. journalière;0.0;0.1457916667;mg-m3;100.0;100;100.0;A;1;48.86212;2.344616
2022/11/18 00:00:00;2022/11/18 23:59:59;AIRPARIF;FR11ZAG01;ZAG PARIS;FR04055;PARIS 1er Les Halles;Urbaine;CO;Fond;Oui;estimation objective;Moy. journalière;0.0;0.17425;mg-m3;100.0;100;100.0;A;1;48.86212;2.344616
2022/11/19 00:00:00;2022/11/19 23:59:59;AIRPARIF;FR11ZAG01;ZAG PARIS;FR04055;PARIS 1er Les Halles;Urbaine;CO;Fond;Oui;estimation objective;Moy. journalière;0.0;0.2025833333;mg-m3;100.0;100;100.0;A;1;48.86212;2.344616
2022/11/20 00:00:00;2022/11/20 23:59:59;AIRPARIF;FR11ZAG01;ZAG PARIS;FR04055;PARIS 1er Les Halles;Urbaine;CO;Fond;Oui;estimation objective;Moy. journalière;0.0;0.1809166667;mg-m3;100.0;100;100.0;A;1;48.86212;2.344616
2022/11/21 00:00:00;2022/11/21 23:59:59;AIRPARIF;FR11ZAG01;ZAG PARIS;FR04055;PARIS 1er Les Halles;Urbaine;CO;Fond;Oui;estimation objective;Moy. journalière;0.0;0.191;mg-m3;100.0;100;100.0;A;1;48.86212;2.344616
2022/11/22 00:00:00;2022/11/22 23:59:59;AIRPARIF;FR11ZAG01;ZAG PARIS;FR04055;PARIS 1er Les Halles;Urbaine;CO;Fond;Oui;estimation objective;Moy. journalière;0.0;0.1585;mg-m3;100.0;100;100.0;A;1;48.86212;2.344616
2022/11/23 00:00:00;2022/11/23 23:59:59;AIRPARIF;FR11ZAG01;ZAG PARIS;FR04055;PARIS 1er Les Halles;Urbaine;CO;Fond;Oui;estimation objective;Moy. journalière;0.0;0.2008333333;mg-m3;100.0;100;100.0;A;1;48.86212;2.344616
2022/11/24 00:00:00;2022/11/24 23:59:59;AIRPARIF;FR11ZAG01;ZAG PARIS;FR04055;PARIS 1er Les Halles;Urbaine;CO;Fond;Oui;estimation objective;Moy. journalière;0.0;0.180875;mg-m3;100.0;100;100.0;A;1;48.86212;2.344616
2022/11/25 00:00:00;2022/11/25 23:59:59;AIRPARIF;FR11ZAG01;ZAG PARIS;FR04055;PARIS 1er Les Halles;Urbaine;CO;Fond;Oui;estimation objective;Moy. journalière;0.0;0.2389583333;mg-m3;100.0;100;100.0;A;1;48.86212;2.344616
2022/11/26 00:00:00;2022/11/26 23:59:59;AIRPARIF;FR11ZAG01;ZAG PARIS;FR04055;PARIS 1er Les Halles;Urbaine;CO;Fond;Oui;estimation objective;Moy. journalière;0.0;0.3530833333;mg-m3;100.0;100;100.0;A;1;48.86212;2.344616
2022/11/27 00:00:00;2022/11/27 23:59:59;AIRPARIF;FR11ZAG01;ZAG PARIS;FR04055;PARIS 1er Les Halles;Urbaine;CO;Fond;Oui;estimation objective;Moy. journalière;0.0;0.2352916667;mg-m3;100.0;100;100.0;A;1;48.86212;2.344616
2022/11/28 00:00:00;2022/11/28 23:59:59;AIRPARIF;FR11ZAG01;ZAG PARIS;FR04055;PARIS 1er Les Halles;Urbaine;CO;Fond;Oui;estimation objective;Moy. journalière;0.0;0.2064166667;mg-m3;100.0;100;100.0;A;1;48.86212;2.344616
2022/11/29 00:00:00;2022/11/29 23:59:59;AIRPARIF;FR11ZAG01;ZAG PARIS;FR04055;PARIS 1er Les Halles;Urbaine;CO;Fond;Oui;estimation objective;Moy. journalière;0.0;0.2787083333;mg-m3;100.0;100;100.0;A;1;48.86212;2.344616
2022/11/30 00:00:00;2022/11/30 23:59:59;AIRPARIF;FR11ZAG01;ZAG PARIS;FR04055;PARIS 1er Les Halles;Urbaine;CO;Fond;Oui;estimation objective;Moy. journalière;0.0;0.2176666667;mg-m3;100.0;100;100.0;A;1;48.86212;2.344616
2022/12/01 00:00:00;2022/12/01 23:59:59;AIRPARIF;FR11ZAG01;ZAG PARIS;FR04055;PARIS 1er Les Halles;Urbaine;CO;Fond;Oui;estimation objective;Moy. journalière;0.0;0.280375;mg-m3;100.0;100;100.0;A;1;48.86212;2.344616
2022/12/02 00:00:00;2022/12/02 23:59:59;AIRPARIF;FR11ZAG01;ZAG PARIS;FR04055;PARIS 1er Les Halles;Urbaine;CO;Fond;Oui;estimation objective;Moy. journalière;0.0;0.32575;mg-m3;100.0;100;100.0;A;1;48.86212;2.344616
2022/12/03 00:00:00;2022/12/03 23:59:59;AIRPARIF;FR11ZAG01;ZAG PARIS;FR04055;PARIS 1er Les Halles;Urbaine;CO;Fond;Oui;estimation objective;Moy. journalière;0.0;0.299;mg-m3;100.0;100;100.0;A;1;48.86212;2.344616
2022/12/04 00:00:00;2022/12/04 23:59:59;AIRPARIF;FR11ZAG01;ZAG PARIS;FR04055;PARIS 1er Les Halles;Urbaine;CO;Fond;Oui;estimation objective;Moy. journalière;0.0;0.32075;mg-m3;100.0;100;100.0;A;1;48.86212;2.344616
2022/12/05 00:00:00;2022/12/05 23:59:59;AIRPARIF;FR11ZAG01;ZAG PARIS;FR04055;PARIS 1er Les Halles;Urbaine;CO;Fond;Oui;estimation objective;Moy. journalière;0.0;0.3825416667;mg-m3;100.0;100;100.0;A;1;48.86212;2.344616
2022/12/06 00:00:00;2022/12/06 23:59:59;AIRPARIF;FR11ZAG01;ZAG PARIS;FR04055;PARIS 1er Les Halles;Urbaine;CO;Fond;Oui;estimation objective;Moy. journalière;0.0;0.4267916667;mg-m3;100.0;100;100.0;A;1;48.86212;2.344616
2022/12/07 00:00:00;2022/12/07 23:59:59;AIRPARIF;FR11ZAG01;ZAG PARIS;FR04055;PARIS 1er Les Halles;Urbaine;CO;Fond;Oui;estimation objective;Moy. journalière;0.0;0.39675;mg-m3;100.0;100;100.0;A;1;48.86212;2.344616
2022/12/08 00:00:00;2022/12/08 23:59:59;AIRPARIF;FR11ZAG01;ZAG PARIS;FR04055;PARIS 1er Les Halles;Urbaine;CO;Fond;Oui;estimation objective;Moy. journalière;0.0;0.3336666667;mg-m3;100.0;100;100.0;A;1;48.86212;2.344616
2022/12/09 00:00:00;2022/12/09 23:59:59;AIRPARIF;FR11ZAG01;ZAG PARIS;FR04055;PARIS 1er Les Halles;Urbaine;CO;Fond;Oui;estimation objective;Moy. journalière;0.0;0.2715;mg-m3;100.0;100;100.0;A;1;48.86212;2.344616
2022/12/10 00:00:00;2022/12/10 23:59:59;AIRPARIF;FR11ZAG01;ZAG PARIS;FR04055;PARIS 1er Les Halles;Urbaine;CO;Fond;Oui;estimation objective;Moy. journalière;0.0;0.2704583333;mg-m3;100.0;100;100.0;A;1;48.86212;2.344616
2022/12/11 00:00:00;2022/12/11 23:59:59;AIRPARIF;FR11ZAG01;ZAG PARIS;FR04055;PARIS 1er Les Halles;Urbaine;CO;Fond;Oui;estimation objective;Moy. journalière;0.0;0.2309166667;mg-m3;100.0;100;100.0;A;1;48.86212;2.344616
2022/12/12 00:00:00;2022/12/12 23:59:59;AIRPARIF;FR11ZAG01;ZAG PARIS;FR04055;PARIS 1er Les Halles;Urbaine;CO;Fond;Oui;estimation objective;Moy. journalière;0.0;0.2399166667;mg-m3;100.0;100;100.0;A;1;48.86212;2.344616
2022/12/13 00:00:00;2022/12/13 23:59:59;AIRPARIF;FR11ZAG01;ZAG PARIS;FR04055;PARIS 1er Les Halles;Urbaine;CO;Fond;Oui;estimation objective;Moy. journalière;0.0;0.286;mg-m3;100.0;100;100.0;A;1;48.86212;2.344616
2022/12/14 00:00:00;2022/12/14 23:59:59;AIRPARIF;FR11ZAG01;ZAG PARIS;FR04055;PARIS 1er Les Halles;Urbaine;CO;Fond;Oui;estimation objective;Moy. journalière;0.0;0.33575;mg-m3;100.0;100;100.0;A;1;48.86212;2.344616
2022/12/15 00:00:00;2022/12/15 23:59:59;AIRPARIF;FR11ZAG01;ZAG PARIS;FR04055;PARIS 1er Les Halles;Urbaine;CO;Fond;Oui;estimation objective;Moy. journalière;0.0;0.4224166667;mg-m3;100.0;100;100.0;A;1;48.86212;2.344616
2022/12/16 00:00:00;2022/12/16 23:59:59;AIRPARIF;FR11ZAG01;ZAG PARIS;FR04055;PARIS 1er Les Halles;Urbaine;CO;Fond;Oui;estimation objective;Moy. journalière;0.0;0.3355217391;mg-m3;96.0;100;96.0;A;1;48.86212;2.344616
2022/12/17 00:00:00;2022/12/17 23:59:59;AIRPARIF;FR11ZAG01;ZAG PARIS;FR04055;PARIS 1er Les Halles;Urbaine;CO;Fond;Oui;estimation objective;Moy. journalière;0.0;0.2855833333;mg-m3;100.0;100;100.0;A;1;48.86212;2.344616
2022/12/18 00:00:00;2022/12/18 23:59:59;AIRPARIF;FR11ZAG01;ZAG PARIS;FR04055;PARIS 1er Les Halles;Urbaine;CO;Fond;Oui;estimation objective;Moy. journalière;0.0;0.3892916667;mg-m3;100.0;100;100.0;A;1;48.86212;2.344616
2022/12/19 00:00:00;2022/12/19 23:59:59;AIRPARIF;FR11ZAG01;ZAG PARIS;FR04055;PARIS 1er Les Halles;Urbaine;CO;Fond;Oui;estimation objective;Moy. journalière;0.0;0.2790833333;mg-m3;100.0;100;100.0;A;1;48.86212;2.344616
2022/12/20 00:00:00;2022/12/20 23:59:59;AIRPARIF;FR11ZAG01;ZAG PARIS;FR04055;PARIS 1er Les Halles;Urbaine;CO;Fond;Oui;estimation objective;Moy. journalière;0.0;0.2254166667;mg-m3;100.0;100;100.0;A;1;48.86212;2.344616
2022/12/21 00:00:00;2022/12/21 23:59:59;AIRPARIF;FR11ZAG01;ZAG PARIS;FR04055;PARIS 1er Les Halles;Urbaine;CO;Fond;Oui;estimation objective;Moy. journalière;0.0;0.1896666667;mg-m3;100.0;100;100.0;A;1;48.86212;2.344616
2022/12/22 00:00:00;2022/12/22 23:59:59;AIRPARIF;FR11ZAG01;ZAG PARIS;FR04055;PARIS 1er Les Halles;Urbaine;CO;Fond;Oui;estimation objective;Moy. journalière;0.0;0.1656666667;mg-m3;100.0;100;100.0;A;1;48.86212;2.344616
2022/12/23 00:00:00;2022/12/23 23:59:59;AIRPARIF;FR11ZAG01;ZAG PARIS;FR04055;PARIS 1er Les Halles;Urbaine;CO;Fond;Oui;estimation objective;Moy. journalière;0.0;0.1530833333;mg-m3;100.0;100;100.0;A;1;48.86212;2.344616
2022/12/24 00:00:00;2022/12/24 23:59:59;AIRPARIF;FR11ZAG01;ZAG PARIS;FR04055;PARIS 1er Les Halles;Urbaine;CO;Fond;Oui;estimation objective;Moy. journalière;0.0;0.1802083333;mg-m3;100.0;100;100.0;A;1;48.86212;2.344616
2022/12/25 00:00:00;2022/12/25 23:59:59;AIRPARIF;FR11ZAG01;ZAG PARIS;FR04055;PARIS 1er Les Halles;Urbaine;CO;Fond;Oui;estimation objective;Moy. journalière;0.0;0.1789166667;mg-m3;100.0;100;100.0;A;1;48.86212;2.344616
2022/12/26 00:00:00;2022/12/26 23:59:59;AIRPARIF;FR11ZAG01;ZAG PARIS;FR04055;PARIS 1er Les Halles;Urbaine;CO;Fond;Oui;estimation objective;Moy. journalière;0.0;0.1590416667;mg-m3;100.0;100;100.0;A;1;48.86212;2.344616
2022/12/27 00:00:00;2022/12/27 23:59:59;AIRPARIF;FR11ZAG01;ZAG PARIS;FR04055;PARIS 1er Les Halles;Urbaine;CO;Fond;Oui;estimation objective;Moy. journalière;0.0;0.218375;mg-m3;100.0;100;100.0;A;1;48.86212;2.344616
2022/12/28 00:00:00;2022/12/28 23:59:59;AIRPARIF;FR11ZAG01;ZAG PARIS;FR04055;PARIS 1er Les Halles;Urbaine;CO;Fond;Oui;estimation objective;Moy. journalière;0.0;0.1583478261;mg-m3;96.0;100;96.0;R;1;48.86212;2.344616
2022/12/29 00:00:00;2022/12/29 23:59:59;AIRPARIF;FR11ZAG01;ZAG PARIS;FR04055;PARIS 1er Les Halles;Urbaine;CO;Fond;Oui;estimation objective;Moy. journalière;0.0;0.1711666667;mg-m3;100.0;100;100.0;A;1;48.86212;2.344616
2022/12/30 00:00:00;2022/12/30 23:59:59;AIRPARIF;FR11ZAG01;ZAG PARIS;FR04055;PARIS 1er Les Halles;Urbaine;CO;Fond;Oui;estimation objective;Moy. journalière;0.0;0.1662083333;mg-m3;100.0;100;100.0;A;1;48.86212;2.344616
2022/12/31 00:00:00;2022/12/31 23:59:59;AIRPARIF;FR11ZAG01;ZAG PARIS;FR04055;PARIS 1er Les Halles;Urbaine;CO;Fond;Oui;estimation objective;Moy. journalière;0.0;0.1397916667;mg-m3;100.0;100;100.0;A;1;48.86212;2.344616
